Id,Country_Region,Date,Population_Size,Tourism,Date_FirstFatality,Date_FirstConfirmedCase,Latitude,Longtitude,Mean_Age,Lockdown_Date,Lockdown_Type,Country_Code,cluster,ConfirmedCases,Fatalities,Fatalities_rate,diff_FC_LD,diff_FF_LD,Weight_C,Weight_F,daily_tested,pf_score,hf_score
110,Afghanistan,2020-05-10,37172386,14000,2020-03-23,2020-02-25,33.93911,67.709953,17.3,2020-03-24,Full,AFG,31,4402.0,120.0,2.7260336210813265,28 days 00:00:00.000000000,1 days 00:00:00.000000000,0.05835873743558676,0.5835873743558676,104.0,6.97,6.835
224,Albania,2020-05-10,2866376,5340000,2020-03-12,2020-03-10,41.153332,20.168331,36.2,2020-03-08,Full,ALB,11,868.0,31.0,3.5714285714285716,-2 days +00:00:00.000000000,-4 days +00:00:00.000000000,0.06722512200670826,0.6722512200670826,269.0,8.01,7.84
338,Algeria,2020-05-10,42228429,2657000,2020-03-13,2020-02-26,28.033886,1.6596259999999998,27.5,2020-03-24,Full,DZA,45,5723.0,502.0,8.771623274506378,27 days 00:00:00.000000000,11 days 00:00:00.000000000,0.05709606979233571,0.5709606979233571,104.0,5.2,4.99
452,Andorra,2020-05-10,77006,3042000,2020-03-23,2020-03-03,42.546245,1.6015540000000001,37.0,2020-03-16,Full,AND,42,755.0,48.0,6.357615894039735,13 days 00:00:00.000000000,-7 days +00:00:00.000000000,0.08877323594663196,0.8877323594663196,104.0,6.97,6.835
566,Angola,2020-05-10,30809762,218000,2020-03-30,2020-03-21,-11.202691999999999,17.873887,16.4,,,AGO,23,45.0,2.0,4.444444444444445,,,0.05858739711150272,0.5858739711150273,104.0,5.98,5.4
680,Antigua and Barbuda,2020-05-10,96286,269000,2020-04-08,2020-03-14,17.060816,-61.79642800000001,30.7,,,ATG,27,25.0,3.0,12.0,,,0.08798527211953226,0.8798527211953225,104.0,6.97,6.835
794,Argentina,2020-05-10,44494502,6942000,2020-03-09,2020-03-04,-38.416097,-63.616671999999994,30.8,2020-03-20,Full,ARG,7,6034.0,305.0,5.0546900894928735,16 days 00:00:00.000000000,11 days 00:00:00.000000000,0.05684936006308796,0.5684936006308797,4494.0,8.04,6.86
908,Armenia,2020-05-10,2951776,1652000,2020-03-27,2020-03-02,40.069099,45.038189,33.9,2020-03-24,Full,ARM,17,3313.0,45.0,1.3582855418050106,22 days 00:00:00.000000000,-3 days +00:00:00.000000000,0.06705894014387091,0.6705894014387092,1193.0,7.15,7.42
1022,Australia,2020-05-10,24982688,9246000,2020-03-02,2020-01-26,-25.274398,133.775136,37.4,2020-03-25,Partial,AUS,37,6948.0,97.0,1.3960852043753598,59 days 00:00:00.000000000,23 days 00:00:00.000000000,0.07713751979435057,0.7713751979435057,38206.0,9.16,8.62
1934,Austria,2020-05-10,8840521,30816000,2020-03-13,2020-02-26,47.516231,14.550072,43.2,2020-03-16,Full,AUT,49,15871.0,618.0,3.8938945246046246,19 days 00:00:00.000000000,3 days 00:00:00.000000000,0.06257113618681992,0.6257113618681992,19923.0,9.25,8.48
2048,Azerbaijan,2020-05-10,9939800,2633000,2020-03-14,2020-03-02,40.143105,47.57692700000001,30.3,2020-03-02,Full,AZE,17,2519.0,32.0,1.2703453751488687,0 days 00:00:00.000000000,-12 days +00:00:00.000000000,0.062147406908023936,0.6214740690802394,13685.0,6.1,6.22
2162,Bahamas,2020-05-10,385640,14000,2020-04-02,2020-03-17,25.03428,-77.39628,32.5,2020-04-17,Full,BHS,27,92.0,11.0,11.956521739130435,31 days 00:00:00.000000000,15 days 00:00:00.000000000,0.07786489515052189,0.7786489515052188,104.0,7.87,7.56
2276,Bahrain,2020-05-10,1569439,12045000,2020-03-17,2020-02-25,25.93041400000001,50.637772,31.2,2020-02-25,Full,BHR,17,4941.0,8.0,0.16191054442420563,0 days 00:00:00.000000000,-21 days +00:00:00.000000000,0.07064403213334489,0.7064403213334488,8550.0,5.91,6.63
2390,Bangladesh,2020-05-10,161356039,14000,2020-03-19,2020-03-09,23.684994,90.35633100000001,25.6,2020-03-19,Full,BGD,31,14657.0,228.0,1.5555707170635191,10 days 00:00:00.000000000,0 days 00:00:00.000000000,0.0529185727941594,0.529185727941594,7208.0,5.37,5.77
2504,Barbados,2020-05-10,286641,680000,2020-04-06,2020-03-18,13.193887,-59.543198,38.5,2020-03-28,Full,BRB,51,84.0,7.0,8.333333333333334,10 days 00:00:00.000000000,-9 days +00:00:00.000000000,0.07961626255679043,0.7961626255679043,161.0,6.97,6.835
2618,Belarus,2020-05-10,9483499,11501600,2020-04-01,2020-02-29,53.709807,27.953389,39.6,2020-04-07,Full,BLR,36,22973.0,131.0,0.5702346232533844,38 days 00:00:00.000000000,6 days 00:00:00.000000000,0.06224066799236697,0.6224066799236697,11000.0,6.66,6.65
2732,Belgium,2020-05-10,11433256,9119000,2020-03-12,2020-02-05,50.503887,4.469936,41.3,2020-03-17,Full,BEL,8,53081.0,8656.0,16.307153218665814,41 days 00:00:00.000000000,5 days 00:00:00.000000000,0.06156862629971225,0.6156862629971225,21458.0,9.07,8.29
2846,Belize,2020-05-10,383071,489000,2020-04-07,2020-03-24,17.189877,-88.49765,23.5,2020-04-16,Full,BLZ,2,18.0,2.0,11.11111111111111,23 days 00:00:00.000000000,9 days 00:00:00.000000000,0.07799051834499761,0.7799051834499761,104.0,7.12,6.95
2960,Benin,2020-05-10,11485048,295000,2020-04-07,2020-03-17,9.30769,2.315834,18.2,,,BEN,33,319.0,2.0,0.6269592476489029,,,0.061799297992446024,0.6179929799244603,104.0,7.47,6.77
3074,Bhutan,2020-05-10,754394,274000,2222-11-11,2020-03-07,27.514162,90.433601,26.3,2020-03-06,Full,BTN,16,7.0,0.0,0.0,-1 days +00:00:00.000000000,-74028 days +00:00:00.000000000,0.07373859472343465,0.7373859472343466,104.0,6.29,6.53
3188,Bolivia,2020-05-10,11353142,1142000,2020-03-30,2020-03-12,-16.290154,-63.588653,37.0,2020-03-12,Full,BOL,7,2556.0,118.0,4.61658841940532,0 days 00:00:00.000000000,-18 days +00:00:00.000000000,0.061682526390073364,0.6168252639007336,303.0,7.07,6.61
3302,Bosnia and Herzegovina,2020-05-10,3323929,1053000,2020-03-22,2020-03-06,43.915886,17.679076000000006,41.0,2020-03-11,Full,BIH,0,2117.0,107.0,5.054322153991498,5 days 00:00:00.000000000,-11 days +00:00:00.000000000,0.06632558959129606,0.6632558959129606,1691.0,8.04,7.37
3416,Botswana,2020-05-10,2254126,14000,2020-04-01,2020-03-31,-22.328474,24.684866,24.4,2020-04-02,Partial,BWA,47,23.0,1.0,4.3478260869565215,2 days 00:00:00.000000000,1 days 00:00:00.000000000,0.06860178468071126,0.6860178468071126,104.0,6.97,7.17
3530,Brazil,2020-05-10,209469333,6621000,2020-03-18,2020-02-27,-14.235004,-51.92528,31.3,2020-03-17,Partial,BRA,19,162699.0,11123.0,6.836550931474687,19 days 00:00:00.000000000,-1 days +00:00:00.000000000,0.052235561392515256,0.5223556139251525,54796.0,6.74,6.48
3644,Brunei,2020-05-10,428962,14000,2020-03-29,2020-03-10,4.535277,114.72766899999999,37.0,,,BRN,48,141.0,1.0,0.7092198581560284,,,0.07734826444890018,0.7734826444890017,104.0,4.76,5.69
3758,Bulgaria,2020-05-10,7025037,9273000,2020-03-12,2020-03-09,42.733883,25.48583,43.5,2020-03-13,Full,BGR,0,1965.0,91.0,4.631043256997455,4 days 00:00:00.000000000,1 days 00:00:00.000000000,0.06335869988442527,0.6335869988442527,2628.0,8.04,7.79
3872,Burkina Faso,2020-05-10,19751535,144000,2020-03-19,2020-03-11,12.238333,-1.561593,17.0,2020-03-21,Full,BFA,33,751.0,49.0,6.524633821571238,10 days 00:00:00.000000000,2 days 00:00:00.000000000,0.05965961212592358,0.5965961212592358,0.0,7.39,6.73
3986,Burma,2020-05-10,53071000,14000,2020-04-01,2020-03-28,21.9162,95.956,37.0,,,MMR,40,180.0,6.0,3.3333333333333335,,,0.056320492666131323,0.5632049266613132,104.0,5.26,5.44
4100,Burundi,2020-05-10,11175378,14000,2020-04-14,2020-04-01,-3.3730559999999996,29.918885999999997,17.6,,,BDI,44,15.0,1.0,6.666666666666667,,,0.061998274357390214,0.6199827435739019,104.0,4.95,5.56
4214,Cabo Verde,2020-05-10,543767,710000,2020-03-25,2020-03-21,16.5388,-23.0418,23.8,,,CPV,4,246.0,2.0,0.8130081300813008,,,0.07585544551354806,0.7585544551354806,104.0,7.74,7.45
4328,Cambodia,2020-05-10,16249798,6201000,2222-11-11,2020-01-28,12.565679,104.990963,24.0,2020-03-28,Partial,KHM,10,122.0,0.0,0.0,60 days 00:00:00.000000000,-74006 days +00:00:00.000000000,0.0603701587980588,0.603701587980588,104.0,6.82,7.13
4442,Cameroon,2020-05-10,25216237,14000,2020-03-26,2020-03-07,7.369722,12.354722,18.3,,,CMR,33,2579.0,114.0,4.420317952694843,,,0.05903776285873207,0.5903776285873207,1335.0,5.43,5.64
4556,Canada,2020-05-10,37057765,21134000,2020-03-10,2020-01-27,56.130366,-106.34677099999999,40.5,2020-03-16,Partial,CAN,30,70077.0,4990.0,7.120738616093726,49 days 00:00:00.000000000,6 days 00:00:00.000000000,0.06535905592834161,0.6535905592834161,42314.0,9.22,8.65
5924,Central African Republic,2020-05-10,4666377,14000,2222-11-11,2020-03-16,6.611111,20.939444,17.8,,,CAF,25,143.0,0.0,0.0,,,0.06483171900529304,0.6483171900529303,104.0,5.59,5.41
6038,Chad,2020-05-10,15477751,14000,2222-11-11,2020-03-20,15.454166,18.732207,16.1,,,TCD,25,322.0,31.0,9.627329192546584,,,0.06064482787324382,0.6064482787324383,104.0,5.49,5.46
6152,Chile,2020-05-10,18729160,5723000,2020-03-23,2020-03-04,-35.675146999999996,-71.542969,33.7,2020-03-26,Full,CHL,7,28866.0,312.0,1.080856370816878,22 days 00:00:00.000000000,3 days 00:00:00.000000000,0.05982118113866688,0.5982118113866688,10160.0,8.41,8.15
6266,China,2020-05-10,1392730000,62900000,2020-01-23,2020-01-22,35.86166,104.195397,37.0,2020-01-23,Full,CHN,29,84010.0,4637.0,5.519581002261636,1 days 00:00:00.000000000,0 days 00:00:00.000000000,0.0557057232970822,0.557057232970822,6709.0,5.92,6.17
10028,Colombia,2020-05-10,49648685,3904000,2020-03-23,2020-03-07,4.570868,-74.297333,30.1,2020-03-25,Full,COL,19,11063.0,463.0,4.185121576425924,18 days 00:00:00.000000000,2 days 00:00:00.000000000,0.05648945165535744,0.5648945165535744,4716.0,7.18,6.93
10142,Congo (Brazzaville),2020-05-10,5244363,156000,2020-04-03,2020-03-16,-4.5216660000000015,21.964255,37.0,2020-03-28,Partial,COG,22,274.0,10.0,3.6496350364963503,12 days 00:00:00.000000000,-6 days +00:00:00.000000000,0.06505436427772117,0.6505436427772118,104.0,6.52,5.8
10256,Congo (Kinshasa),2020-05-10,84068091,14000,2020-03-22,2020-03-12,-1.142502,15.852951,37.0,2020-03-31,Full,COD,22,991.0,41.0,4.137235116044399,19 days 00:00:00.000000000,9 days 00:00:00.000000000,0.05476910869647565,0.5476910869647564,119.0,5.73,5.36
10370,Costa Rica,2020-05-10,4999441,3017000,2020-03-20,2020-03-07,9.748917,-83.753428,31.4,2020-03-15,Full,CRI,27,792.0,7.0,0.8838383838383839,8 days 00:00:00.000000000,-5 days +00:00:00.000000000,0.06492334261222532,0.6492334261222533,707.0,7.99,7.7
10484,Cote d'Ivoire,2020-05-10,25069229,1965000,2020-03-30,2020-03-12,7.54,-5.3053230000000005,37.0,,,CIV,22,1700.0,21.0,1.2352941176470589,,,0.05904368672891588,0.5904368672891587,597.0,7.2,6.59
10598,Croatia,2020-05-10,4087843,16645000,2020-03-20,2020-02-26,45.1,15.2,42.6,2020-03-22,Partial,HRV,36,2187.0,90.0,4.11522633744856,25 days 00:00:00.000000000,2 days 00:00:00.000000000,0.06558077501892626,0.6558077501892625,7171.0,8.45,7.86
10712,Cuba,2020-05-10,11338138,4684000,2020-03-19,2020-03-13,21.521757,-77.78116700000002,41.1,2020-03-23,Full,CUB,51,1766.0,77.0,4.360135900339751,10 days 00:00:00.000000000,4 days 00:00:00.000000000,0.0615956948352239,0.615956948352239,2048.0,6.97,6.835
10826,Cyprus,2020-05-10,1189265,3939000,2020-03-23,2020-03-10,35.126413,33.429859,34.9,2020-03-25,Full,CYP,11,898.0,16.0,1.78173719376392,15 days 00:00:00.000000000,2 days 00:00:00.000000000,0.07326298684978039,0.7326298684978041,1978.0,8.18,7.93
10940,Czechia,2020-05-10,10065000,14000,2020-03-23,2020-03-02,49.8175,15.473,41.4,2020-03-16,Full,CZE,0,8123.0,280.0,3.4470023390373017,14 days 00:00:00.000000000,-7 days +00:00:00.000000000,0.06183357263876892,0.6183357263876893,3912.0,8.92,8.34
10940,Czechia,2020-05-10,10065000,14000,2020-03-23,2020-03-02,49.8175,15.473,41.4,2020-03-16,Full,CZE,0,8123.0,280.0,3.4470023390373017,14 days 00:00:00.000000000,-7 days +00:00:00.000000000,0.06183357263876892,0.6183357263876893,9431.0,8.92,8.34
11054,Denmark,2020-05-10,5793636,12749000,2020-03-15,2020-02-28,56.26392,9.501785,41.6,2020-03-11,Full,DNK,36,10627.0,529.0,4.977886515479439,12 days 00:00:00.000000000,-4 days +00:00:00.000000000,0.09253056277887674,0.9253056277887672,16276.0,9.24,8.56
11396,Diamond Princess,2020-05-10,712,14000,2020-02-21,2020-02-08,-100.0,-100.0,37.0,,,NAN,15,712.0,13.0,1.8258426966292134,,,0.12166447572160598,1.2166447572160597,104.0,6.97,6.835
11510,Djibouti,2020-05-10,958920,14000,2020-04-11,2020-03-19,11.825138,42.590275,23.7,2020-03-23,Full,DJI,4,1210.0,3.0,0.24793388429752067,4 days 00:00:00.000000000,-19 days +00:00:00.000000000,0.07293865609576251,0.7293865609576251,104.0,6.97,6.835
11624,Dominica,2020-05-10,71625,63000,2222-11-11,2020-03-23,15.414999,-61.370976,37.0,2020-03-19,Partial,DMA,9,16.0,0.0,0.0,-4 days +00:00:00.000000000,-74015 days +00:00:00.000000000,0.08948892244376917,0.8948892244376917,104.0,6.97,6.835
11738,Dominican Republic,2020-05-10,10627165,6569000,2020-03-18,2020-03-02,18.735692999999998,-70.162651,26.1,2020-03-17,Full,DOM,19,10347.0,388.0,3.7498791920363392,15 days 00:00:00.000000000,-1 days +00:00:00.000000000,0.062013303195770524,0.6201330319577052,104.0,6.98,6.95
11852,Ecuador,2020-05-10,17084357,2535000,2020-03-15,2020-03-02,-1.8312389999999998,-78.183406,26.6,2020-03-24,Partial,ECU,19,29559.0,2127.0,7.195777935654116,22 days 00:00:00.000000000,9 days 00:00:00.000000000,0.060162524785032125,0.6016252478503213,4947.0,7.36,6.82
11966,Egypt,2020-05-10,98423595,11196000,2020-03-09,2020-02-15,26.820553000000004,30.802497999999996,24.7,2020-03-24,Full,EGY,3,9400.0,525.0,5.585106382978723,38 days 00:00:00.000000000,15 days 00:00:00.000000000,0.05455670764558922,0.5455670764558922,2916.0,3.95,4.5
12080,El Salvador,2020-05-10,6420744,1677300,2020-04-01,2020-03-20,13.794185,-88.89653,25.8,2020-03-12,Full,SLV,2,889.0,17.0,1.9122609673790776,-8 days +00:00:00.000000000,-20 days +00:00:00.000000000,0.0637328782351561,0.637328782351561,1993.0,6.62,6.89
12194,Equatorial Guinea,2020-05-10,1308974,14000,2020-04-23,2020-03-16,1.6508009999999995,10.267895,22.2,2020-03-22,Full,GNQ,4,439.0,4.0,0.9111617312072893,6 days 00:00:00.000000000,-32 days +00:00:00.000000000,0.07134518993065303,0.7134518993065302,104.0,6.97,6.835
12308,Eritrea,2020-05-10,3214000,14000,2222-11-11,2020-03-22,15.179383999999999,39.78233400000001,18.9,2020-04-02,Partial,ERI,25,39.0,0.0,0.0,11 days 00:00:00.000000000,-74001 days +00:00:00.000000000,0.06454535738696096,0.6454535738696097,104.0,6.97,6.835
12422,Estonia,2020-05-10,1321977,3234000,2020-03-26,2020-02-28,58.595271999999994,25.013607,41.6,2020-03-13,Full,EST,0,1739.0,60.0,3.4502587694077054,14 days 00:00:00.000000000,-13 days +00:00:00.000000000,0.07097199038133352,0.7097199038133354,2506.0,9.02,8.46
12536,Eswatini,2020-05-10,1136191,782000,2020-04-17,2020-03-15,-26.5179414,31.4659,37.0,2020-03-27,Partial,SWZ,22,172.0,2.0,1.1627906976744187,12 days 00:00:00.000000000,-21 days +00:00:00.000000000,0.07173561193532613,0.7173561193532613,104.0,6.29,6.4
12650,Ethiopia,2020-05-10,109224559,849000,2020-04-06,2020-03-14,9.145,40.489672999999996,18.6,2020-03-16,Full,ETH,33,239.0,5.0,2.092050209205021,2 days 00:00:00.000000000,-21 days +00:00:00.000000000,0.054527007085195284,0.5452700708519528,104.0,4.77,5.25
12764,Fiji,2020-05-10,883483,870000,2222-11-11,2020-03-20,-16.578193,179.414413,27.6,2020-03-20,Partial,FJI,13,18.0,0.0,0.0,0 days 00:00:00.000000000,-74014 days +00:00:00.000000000,0.07313793339800312,0.7313793339800313,104.0,7.61,7.17
12878,Finland,2020-05-10,5515525,3224000,2020-03-22,2020-01-30,61.92411,25.748151,42.5,2020-03-27,Full,FIN,8,5962.0,267.0,4.478362965447836,57 days 00:00:00.000000000,5 days 00:00:00.000000000,0.06443809696539639,0.6443809696539639,7850.0,9.27,8.53
12992,France,2020-05-10,66977107,89322000,2020-02-16,2020-01-25,46.227638,2.213749,41.2,2020-03-16,Full,FRA,5,177094.0,26383.0,14.897737924492077,51 days 00:00:00.000000000,29 days 00:00:00.000000000,0.08033921704206183,0.8033921704206181,68933.0,8.69,8.02
14246,Gabon,2020-05-10,2119275,14000,2020-03-21,2020-03-15,-0.803689,11.609444,22.6,2020-04-13,Partial,GAB,4,661.0,8.0,1.2102874432677762,29 days 00:00:00.000000000,23 days 00:00:00.000000000,0.06942244845684871,0.6942244845684871,104.0,6.1,5.99
14360,Gambia,2020-05-10,2280000,14000,2020-03-24,2020-03-18,13.443182,-15.310139000000001,17.0,,,GMB,33,20.0,1.0,5.0,,,0.06921332380917111,0.6921332380917111,104.0,4.64,5.94
14474,Georgia,2020-05-10,3726549,4757000,2020-04-05,2020-02-27,42.315407,43.356891999999995,38.0,2020-03-22,Partial,GEO,42,635.0,10.0,1.5748031496062993,24 days 00:00:00.000000000,-14 days +00:00:00.000000000,0.06609672773166762,0.6609672773166763,104.0,7.53,7.74
14588,Germany,2020-05-10,82905782,38881000,2020-03-10,2020-01-28,51.165690999999995,10.451526,45.9,2020-03-20,Full,DEU,26,171879.0,7569.0,4.403679332553715,52 days 00:00:00.000000000,10 days 00:00:00.000000000,0.054886453086856815,0.5488645308685681,79063.0,9.25,8.53
14702,Ghana,2020-05-10,29767108,14000,2020-03-22,2020-03-15,7.9465270000000015,-1.0231940000000002,20.4,2020-03-15,Full,GHA,33,4263.0,22.0,0.5160684963640628,0 days 00:00:00.000000000,-7 days +00:00:00.000000000,0.05835713344696065,0.5835713344696065,4291.0,7.3,6.94
14816,Greece,2020-05-10,10731726,30123000,2020-03-12,2020-02-27,39.074208,21.824312,43.3,2020-03-18,Full,GRC,49,2716.0,151.0,5.559646539027982,20 days 00:00:00.000000000,6 days 00:00:00.000000000,0.061726815909520436,0.6172681590952043,4917.0,8.07,7.33
14930,Grenada,2020-05-10,111454,185000,2222-11-11,2020-03-23,12.262775999999999,-61.604170999999994,27.2,2020-03-25,Full,GRD,9,21.0,0.0,0.0,2 days 00:00:00.000000000,-74009 days +00:00:00.000000000,0.08661253177374374,0.8661253177374375,160.0,6.97,6.835
15044,Guatemala,2020-05-10,17247807,1781000,2020-03-17,2020-03-15,15.783470999999999,-90.23075899999999,21.3,,,GTM,2,1052.0,26.0,2.4714828897338403,,,0.060244420636417585,0.6024442063641761,104.0,6.56,7.07
15158,Guinea,2020-05-10,12414318,14000,2020-04-16,2020-03-14,9.945587,-9.696645,18.4,,,GIN,33,2146.0,11.0,0.5125815470643057,,,0.061063575797681874,0.6106357579768187,193.0,5.37,5.61
15272,Guinea-Bissau,2020-05-10,1874309,14000,2020-04-27,2020-03-26,11.803749,-15.180413,18.9,,,GNB,44,726.0,3.0,0.4132231404958678,,,0.07016396168281491,0.7016396168281491,104.0,6.9,6.07
15386,Guyana,2020-05-10,779004,287000,2020-03-13,2020-03-13,4.860416000000002,-58.93018000000001,24.6,,,GUY,2,104.0,10.0,9.615384615384615,,,0.07394432683822487,0.7394432683822486,104.0,7.16,6.74
15500,Haiti,2020-05-10,11123176,447000,2020-04-06,2020-03-21,18.971187,-72.28521500000002,23.0,,,HTI,2,182.0,15.0,8.241758241758241,,,0.061650476521126985,0.61650476521127,104.0,6.93,6.71
15614,Holy See,2020-05-10,825,14000,2222-11-11,2020-03-07,41.9029,12.4534,37.0,2020-03-09,Full,VAT,38,12.0,0.0,0.0,2 days 00:00:00.000000000,-74025 days +00:00:00.000000000,0.16356754744281482,1.6356754744281483,104.0,6.97,6.835
15728,Honduras,2020-05-10,9587522,14000,2020-03-27,2020-03-12,15.199998999999998,-86.241905,23.0,2020-03-20,Partial,HND,2,1972.0,108.0,5.476673427991886,8 days 00:00:00.000000000,-7 days +00:00:00.000000000,0.06263882207364799,0.6263882207364798,104.0,6.47,6.81
15842,Hungary,2020-05-10,9775564,17552000,2020-03-16,2020-03-05,47.162494,19.503304,41.7,2020-03-16,Full,HUN,36,3263.0,413.0,12.657064051486362,11 days 00:00:00.000000000,0 days 00:00:00.000000000,0.062110886034631066,0.6211088603463106,7293.0,8.04,7.65
15956,Iceland,2020-05-10,352721,2343800,2020-03-17,2020-02-29,64.96305100000001,-19.020835,36.0,2020-03-16,Full,ISL,42,1801.0,10.0,0.555247084952804,16 days 00:00:00.000000000,-1 days +00:00:00.000000000,0.0786176064751496,0.786176064751496,2486.0,9.08,8.41
16070,India,2020-05-10,1352617328,17423000,2020-03-12,2020-01-31,20.593684,78.96288,26.7,2020-03-24,Full,IND,6,67161.0,2212.0,3.2935781182531527,53 days 00:00:00.000000000,12 days 00:00:00.000000000,0.04766003824343209,0.4766003824343209,85824.0,6.37,6.64
16184,Indonesia,2020-05-10,267663435,15810000,2020-03-12,2020-03-03,-0.789275,113.921327,28.0,2020-04-10,Partial,IDN,41,14032.0,973.0,6.934150513112884,38 days 00:00:00.000000000,29 days 00:00:00.000000000,0.05162303072325351,0.5162303072325349,19303.0,6.38,6.83
16298,Iran,2020-05-10,81800269,7295000,2020-02-20,2020-02-20,32.427908,53.68804599999999,29.5,2020-03-15,Full,IRN,17,107603.0,6640.0,6.170831668262037,24 days 00:00:00.000000000,24 days 00:00:00.000000000,0.05497638008242922,0.5497638008242922,11862.0,4.48,5.1
16412,Iraq,2020-05-10,38433600,14000,2020-03-05,2020-02-25,33.223191,43.679291,19.4,2020-03-22,Full,IRQ,31,2767.0,109.0,3.939284423563426,26 days 00:00:00.000000000,17 days 00:00:00.000000000,0.057306500339179535,0.5730650033917954,104.0,3.47,4.34
16526,Ireland,2020-05-10,4867309,10926000,2020-03-12,2020-03-01,53.41291,-8.243889999999999,36.9,2020-03-12,Full,IRL,42,22996.0,1458.0,6.340233084014611,11 days 00:00:00.000000000,0 days 00:00:00.000000000,0.06382286740935376,0.6382286740935377,22692.0,8.9,8.52
16640,Israel,2020-05-10,8882800,4121000,2020-03-22,2020-02-22,31.046051000000002,34.851612,30.2,2020-03-12,Full,ISR,17,16477.0,252.0,1.5294046246282698,19 days 00:00:00.000000000,-10 days +00:00:00.000000000,0.06266137189484232,0.6266137189484233,15347.0,7.7,7.61
16754,Italy,2020-05-10,60421760,61567200,2020-02-22,2020-02-01,41.87194,12.56738,45.9,2020-03-11,Full,ITA,5,219070.0,30560.0,13.94987903409869,39 days 00:00:00.000000000,18 days 00:00:00.000000000,0.05580081071280109,0.5580081071280109,74208.0,8.67,8.04
16868,Jamaica,2020-05-10,2934855,2473000,2020-03-20,2020-03-12,18.109581,-77.297508,29.4,2020-03-12,Full,JAM,27,502.0,9.0,1.792828685258964,0 days 00:00:00.000000000,-8 days +00:00:00.000000000,0.06748851718975944,0.6748851718975944,338.0,7.23,7.2
16982,Japan,2020-05-10,126529100,31192000,2020-02-14,2020-01-23,36.204824,138.252924,46.3,2020-02-27,Full,JPN,46,15777.0,624.0,3.9551245483932305,35 days 00:00:00.000000000,13 days 00:00:00.000000000,0.05359234113919523,0.5359234113919523,40361.0,8.7,8.28
17096,Jordan,2020-05-10,9956011,4150000,2020-03-28,2020-03-04,30.585164000000002,36.238414,22.1,2020-03-21,Full,JOR,31,540.0,9.0,1.6666666666666667,17 days 00:00:00.000000000,-7 days +00:00:00.000000000,0.062227230793300885,0.6222723079330088,104.0,6.23,6.84
17210,Kazakhstan,2020-05-10,18272430,8789000,2020-03-26,2020-03-14,48.019573,66.923684,29.3,2020-03-19,Partial,KAZ,50,5090.0,31.0,0.6090373280943026,5 days 00:00:00.000000000,-7 days +00:00:00.000000000,0.059908664224680164,0.5990866422468016,20837.0,6.69,6.9
17324,Kenya,2020-05-10,51393010,14000,2020-03-27,2020-03-14,-0.023559,37.906193,19.0,2020-03-15,Full,KEN,23,672.0,32.0,4.761904761904762,1 days 00:00:00.000000000,-12 days +00:00:00.000000000,0.056589943012875975,0.5658994301287598,1420.0,6.65,6.85
17438,"Korea, South",2020-05-10,51606633,15347000,2020-02-21,2020-01-23,35.9078,127.7669,37.0,,,KOR,21,10909.0,256.0,2.3466862223851868,,,0.05866629090429941,0.5866629090429941,18199.0,8.81,8.2
17552,Kosovo,2020-05-10,1845300,14000,2020-03-27,2020-03-27,42.602636,20.902977,37.0,2020-03-25,Partial,RKS,40,870.0,28.0,3.218390804597701,-2 days +00:00:00.000000000,-2 days +00:00:00.000000000,0.06960952105436695,0.6960952105436695,359.0,6.97,6.835
17666,Kuwait,2020-05-10,4137309,8508000,2020-04-05,2020-02-25,29.311659999999996,47.481766,33.4,2020-03-16,Partial,KWT,17,8688.0,58.0,0.6675874769797422,20 days 00:00:00.000000000,-20 days +00:00:00.000000000,0.06558797714677965,0.6558797714677965,104.0,5.97,6.19
17780,Kyrgyzstan,2020-05-10,6316000,14000,2020-04-04,2020-03-19,41.20438,74.766098,25.3,2020-03-24,Partial,KGZ,50,1002.0,12.0,1.1976047904191616,5 days 00:00:00.000000000,-11 days +00:00:00.000000000,0.06404014428533841,0.6404014428533842,1910.0,7.05,6.98
17894,Laos,2020-05-10,7062000,14000,2222-11-11,2020-03-25,19.856270000000002,102.495496,37.0,2020-03-29,Full,LAO,54,19.0,0.0,0.0,4 days 00:00:00.000000000,-74005 days +00:00:00.000000000,0.06375053457405107,0.6375053457405108,104.0,5.74,6.2
18008,Latvia,2020-05-10,1927174,1946000,2020-04-04,2020-03-03,56.879635,24.603189,42.5,2020-03-13,Full,LVA,0,939.0,18.0,1.9169329073482428,10 days 00:00:00.000000000,-22 days +00:00:00.000000000,0.06901658220829886,0.6901658220829885,3250.0,8.85,8.29
18122,Lebanon,2020-05-10,6848925,1964000,2020-03-11,2020-02-22,33.854721000000005,35.862285,28.5,2020-03-16,Full,LBN,17,845.0,26.0,3.076923076923077,23 days 00:00:00.000000000,5 days 00:00:00.000000000,0.0640809236808412,0.6408092368084121,104.0,6.52,6.74
18236,Liberia,2020-05-10,4818977,14000,2020-04-05,2020-03-17,6.4280550000000005,-9.429499,18.6,2020-03-23,Partial,LBR,33,199.0,20.0,10.050251256281408,6 days 00:00:00.000000000,-13 days +00:00:00.000000000,0.06516856032102791,0.6516856032102791,104.0,6.13,6.35
18350,Libya,2020-05-10,6678567,14000,2020-04-03,2020-03-25,26.3351,17.228331,27.2,2020-03-22,Full,LBY,50,64.0,3.0,4.6875,-3 days +00:00:00.000000000,-12 days +00:00:00.000000000,0.06381839957088795,0.6381839957088794,104.0,4.83,4.64
18464,Liechtenstein,2020-05-10,37910,85300,2020-04-05,2020-03-05,47.166000000000004,9.555373,37.0,,,LIE,42,82.0,1.0,1.2195121951219512,,,0.09491810890375817,0.9491810890375816,104.0,6.97,6.835
18578,Lithuania,2020-05-10,2801543,2825000,2020-03-22,2020-02-29,55.169438,23.881275,42.7,2020-03-16,Full,LTU,0,1479.0,50.0,3.3806626098715347,16 days 00:00:00.000000000,-6 days +00:00:00.000000000,0.06724668311765034,0.6724668311765034,8141.0,8.76,8.32
18692,Luxembourg,2020-05-10,607950,1018000,2020-03-15,2020-03-01,49.815273,6.129583,39.3,2020-03-16,Full,LUX,42,3886.0,101.0,2.5990735975295935,15 days 00:00:00.000000000,1 days 00:00:00.000000000,0.07539083454623496,0.7539083454623496,2565.0,9.26,8.56
18806,MS Zaandam,2020-05-10,712,14000,2020-04-02,2020-03-29,-100.0,-100.0,37.0,,,NAN,32,9.0,2.0,22.22222222222222,,,0.08889659309290196,0.8889659309290197,104.0,6.97,6.835
18920,Madagascar,2020-05-10,26262368,291000,2222-11-11,2020-03-21,-18.766947000000002,46.869107,18.7,2020-03-23,Partial,MDG,1,193.0,0.0,0.0,2 days 00:00:00.000000000,-74011 days +00:00:00.000000000,0.059080339663913725,0.5908033966391372,104.0,6.51,6.32
19034,Malawi,2020-05-10,18143315,871000,2020-04-08,2020-04-03,-13.254307999999998,34.301525,17.4,,,MWI,23,56.0,3.0,5.357142857142857,,,0.060100319996890986,0.6010031999689099,47.0,7.13,6.6
19148,Malaysia,2020-05-10,31528585,25832000,2020-03-18,2020-01-26,4.210483999999999,101.97576600000001,27.7,2020-03-18,Full,MYS,35,6656.0,108.0,1.6225961538461537,52 days 00:00:00.000000000,0 days 00:00:00.000000000,0.05792906729307273,0.5792906729307272,11443.0,5.7,6.52
19262,Maldives,2020-05-10,515696,1484000,2222-11-11,2020-03-09,3.202778,73.22068,27.9,2020-03-11,Full,MDV,16,835.0,3.0,0.3592814371257485,2 days 00:00:00.000000000,-74023 days +00:00:00.000000000,0.0784408057396444,0.784408057396444,104.0,6.97,6.835
19376,Mali,2020-05-10,19077690,14000,2020-03-30,2020-03-26,17.570692,-3.996166000000001,16.0,2020-03-18,Full,MLI,44,704.0,38.0,5.3977272727272725,-8 days +00:00:00.000000000,-12 days +00:00:00.000000000,0.059832393720267135,0.5983239372026714,104.0,6.15,6.03
19490,Malta,2020-05-10,484630,2599000,2020-04-09,2020-03-08,35.937496,14.375416,40.9,2020-03-12,Full,MLT,11,496.0,5.0,1.0080645161290323,4 days 00:00:00.000000000,-28 days +00:00:00.000000000,0.07715602925427792,0.7715602925427792,1218.0,8.77,8.37
19604,Mauritania,2020-05-10,4403319,14000,2020-03-31,2020-03-15,21.00789,-10.940835,19.7,,,MRT,33,8.0,1.0,12.5,,,0.06609875036485865,0.6609875036485866,104.0,4.83,5.47
19718,Mauritius,2020-05-10,1265303,1399000,2020-03-22,2020-03-19,-20.348404000000002,57.552152,35.6,2020-03-17,Partial,MUS,22,332.0,10.0,3.0120481927710845,-2 days +00:00:00.000000000,-5 days +00:00:00.000000000,0.07117992274841647,0.7117992274841647,104.0,6.98,7.52
19832,Mexico,2020-05-10,126190788,41313000,2020-03-20,2020-02-29,23.634501,-102.552784,27.5,2020-03-14,Partial,MEX,28,35022.0,3465.0,9.893781051910228,14 days 00:00:00.000000000,-6 days +00:00:00.000000000,0.05370058610194239,0.5370058610194238,4282.0,6.38,6.65
19946,Moldova,2020-05-10,2706049,160000,2020-03-19,2020-03-09,47.411631,28.369884999999996,37.0,2020-03-11,Full,MDA,11,4927.0,169.0,3.430079155672823,2 days 00:00:00.000000000,-8 days +00:00:00.000000000,0.06629835147326403,0.6629835147326402,104.0,7.2,6.93
20060,Monaco,2020-05-10,38682,347000,2020-03-30,2020-03-01,43.750298,7.412841,37.0,2020-03-17,Full,MCO,42,96.0,4.0,4.166666666666667,16 days 00:00:00.000000000,-13 days +00:00:00.000000000,0.09473430021533076,0.9473430021533076,104.0,6.97,6.835
20174,Mongolia,2020-05-10,3170208,529000,2222-11-11,2020-03-11,46.862496,103.84665600000001,27.1,2020-03-10,Full,MNG,16,42.0,0.0,0.0,-1 days +00:00:00.000000000,-74024 days +00:00:00.000000000,0.06691342237758804,0.6691342237758804,104.0,7.79,7.61
20288,Montenegro,2020-05-10,622227,2077000,2020-03-24,2020-03-18,42.708678000000006,19.37439,37.7,2020-03-24,Full,MNE,40,324.0,9.0,2.7777777777777777,6 days 00:00:00.000000000,0 days 00:00:00.000000000,0.07496031900351177,0.7496031900351177,510.0,8.03,7.43
20402,Morocco,2020-05-10,36029138,12289000,2020-03-11,2020-03-03,31.791702,-7.09262,27.9,2020-03-16,Full,MAR,45,6063.0,188.0,3.10077519379845,13 days 00:00:00.000000000,5 days 00:00:00.000000000,0.05772940656057433,0.5772940656057433,4263.0,5.68,6.18
20516,Mozambique,2020-05-10,29495962,2743000,2222-11-11,2020-03-23,-18.665695,35.529562,17.2,2020-04-01,Full,MOZ,1,91.0,0.0,0.0,9 days 00:00:00.000000000,-74002 days +00:00:00.000000000,0.058514531619597326,0.5851453161959733,198.0,6.89,6.24
20630,Namibia,2020-05-10,2448255,14000,2222-11-11,2020-03-15,-22.957639999999998,18.49041,21.0,2020-03-14,Full,NAM,1,16.0,0.0,0.0,-1 days +00:00:00.000000000,-74020 days +00:00:00.000000000,0.06821762731936827,0.6821762731936828,104.0,6.97,6.75
20744,Nepal,2020-05-10,28087871,1173000,2222-11-11,2020-01-26,28.394857000000002,84.12400799999998,23.2,2020-03-24,Full,NPL,10,110.0,0.0,0.0,58 days 00:00:00.000000000,-74010 days +00:00:00.000000000,0.05826484400455025,0.5826484400455025,9501.0,6.53,6.51
20858,Netherlands,2020-05-10,17231624,18780000,2020-03-07,2020-02-28,52.132633,5.291266,42.1,2020-03-24,Full,NLD,36,42826.0,5459.0,12.746929435389717,25 days 00:00:00.000000000,17 days 00:00:00.000000000,0.08632396297059959,0.8632396297059959,13059.0,9.28,8.5
21428,New Zealand,2020-05-10,4841000,3686000,2020-03-30,2020-02-29,-40.900557,174.88597099999996,37.3,2020-03-25,Full,NZL,14,1497.0,21.0,1.402805611222445,25 days 00:00:00.000000000,-5 days +00:00:00.000000000,0.06509307804587408,0.6509307804587406,12743.0,9.27,8.88
21542,Nicaragua,2020-05-10,6465513,1256000,2020-03-28,2020-03-20,12.865416,-85.207229,25.2,,,NIC,2,16.0,5.0,31.25,,,0.06389726302101847,0.6389726302101847,104.0,6.72,6.86
21656,Niger,2020-05-10,22442948,157000,2020-03-26,2020-03-21,17.607789,8.081666,14.9,,,NER,44,821.0,46.0,5.602923264311815,,,0.05935997358779526,0.5935997358779527,104.0,5.92,5.87
21770,Nigeria,2020-05-10,195874740,14000,2020-03-24,2020-02-29,9.081999,8.675277000000001,17.9,2020-03-25,Full,NGA,33,4399.0,143.0,3.2507388042736984,25 days 00:00:00.000000000,1 days 00:00:00.000000000,0.05250293292583778,0.5250293292583779,2908.0,5.9,6.38
21884,North Macedonia,2020-05-10,2082958,707000,2020-03-23,2020-02-27,41.6086,21.7453,37.0,2020-03-18,Full,MKD,42,1642.0,91.0,5.542021924482339,20 days 00:00:00.000000000,-5 days +00:00:00.000000000,0.06878758249642282,0.6878758249642284,1423.0,7.66,7.34
21998,Norway,2020-05-10,5311916,5688000,2020-03-15,2020-02-27,60.472024,8.468946,39.2,2020-03-12,Full,NOR,42,8105.0,219.0,2.70203578038248,14 days 00:00:00.000000000,-3 days +00:00:00.000000000,0.06464695899684274,0.6464695899684274,7372.0,9.26,8.44
22112,Oman,2020-05-10,4829483,2301000,2020-04-01,2020-02-25,21.512583,55.92325500000001,29.0,2020-03-29,Partial,OMN,17,3399.0,17.0,0.5001471020888497,33 days 00:00:00.000000000,-3 days +00:00:00.000000000,0.06535229874936634,0.6535229874936634,104.0,5.2,5.98
22226,Pakistan,2020-05-10,212215030,14000,2020-03-20,2020-02-27,30.375321000000003,69.345116,22.5,2020-03-26,Full,PAK,31,30334.0,659.0,2.1724797257203137,28 days 00:00:00.000000000,6 days 00:00:00.000000000,0.052399880015182816,0.5239988001518282,13492.0,5.47,5.69
22340,Panama,2020-05-10,4176873,1785000,2020-03-12,2020-03-11,8.537981,-80.782127,28.4,2020-03-25,Full,PAN,19,8448.0,244.0,2.8882575757575757,14 days 00:00:00.000000000,13 days 00:00:00.000000000,0.06598758619667269,0.6598758619667271,1246.0,7.72,7.69
22454,Papua New Guinea,2020-05-10,8606316,140000,2222-11-11,2020-03-21,-6.314993,143.95555,21.7,2020-03-24,Full,PNG,53,8.0,0.0,0.0,3 days 00:00:00.000000000,-74010 days +00:00:00.000000000,0.06287188574958383,0.6287188574958382,104.0,6.84,6.6
22568,Paraguay,2020-05-10,6956071,1181000,2020-03-22,2020-03-09,-23.442503,-58.44383199999999,24.9,2020-03-15,Partial,PRY,19,713.0,10.0,1.402524544179523,6 days 00:00:00.000000000,-7 days +00:00:00.000000000,0.06353070094128227,0.6353070094128229,104.0,6.78,6.9
22682,Peru,2020-05-10,31989256,4419000,2020-03-21,2020-03-07,-9.189967,-75.015152,27.5,2020-03-10,Full,PER,19,67307.0,1889.0,2.806543153015288,3 days 00:00:00.000000000,-11 days +00:00:00.000000000,0.05792018125351681,0.5792018125351681,28650.0,7.61,7.55
22796,Philippines,2020-05-10,106651922,7168000,2020-02-03,2020-01-31,12.879721,121.77401699999999,24.1,2020-03-16,Partial,PHL,35,10794.0,719.0,6.661108022975728,45 days 00:00:00.000000000,42 days 00:00:00.000000000,0.05419187019679764,0.5419187019679763,16984.0,6.44,6.88
22910,Poland,2020-05-10,37974750,19622000,2020-03-13,2020-03-05,51.919438,19.145135999999997,39.7,2020-03-12,Full,POL,36,15996.0,800.0,5.0012503125781445,7 days 00:00:00.000000000,-1 days +00:00:00.000000000,0.057258888716785125,0.5725888871678512,17512.0,8.32,7.78
23024,Portugal,2020-05-10,10283822,16186000,2020-03-18,2020-03-03,39.399871999999995,-8.224454,43.9,2020-03-18,Full,PRT,36,27581.0,1135.0,4.1151517348899604,15 days 00:00:00.000000000,0 days 00:00:00.000000000,0.06190075211316075,0.6190075211316075,15942.0,9.02,8.27
23138,Qatar,2020-05-10,2781677,1819300,2020-03-29,2020-03-01,25.354826,51.183884,31.3,2020-03-11,Full,QAT,17,22520.0,14.0,0.06216696269982238,10 days 00:00:00.000000000,-18 days +00:00:00.000000000,0.06772210283071681,0.677221028307168,3655.0,5.24,6.15
23252,Romania,2020-05-10,19466145,11720000,2020-03-23,2020-02-27,45.943160999999996,24.96676,41.3,2020-03-25,Full,ROU,36,15362.0,961.0,6.255695872933212,27 days 00:00:00.000000000,2 days 00:00:00.000000000,0.05950861654649569,0.5950861654649569,16684.0,8.54,8.11
23366,Russia,2020-05-10,144478050,24551000,2020-03-20,2020-02-01,61.52401,105.31875600000001,38.7,2020-03-27,Full,RUS,21,209688.0,1915.0,0.9132616077219488,55 days 00:00:00.000000000,7 days 00:00:00.000000000,0.05318240088193723,0.5318240088193723,234496.0,5.9,6.34
23480,Rwanda,2020-05-10,12301939,14000,2222-11-11,2020-03-15,-1.940278,29.873888,19.4,2020-03-16,Full,RWA,1,284.0,0.0,0.0,1 days 00:00:00.000000000,-74018 days +00:00:00.000000000,0.06149126628881154,0.6149126628881154,104.0,6.38,6.82
23594,Saint Kitts and Nevis,2020-05-10,52441,14000,2222-11-11,2020-03-26,17.357822,-62.782998,37.0,2020-03-31,Full,KNA,9,15.0,0.0,0.0,5 days 00:00:00.000000000,-74003 days +00:00:00.000000000,0.09310255930671832,0.9310255930671832,104.0,6.97,6.835
23708,Saint Lucia,2020-05-10,181889,14000,2222-11-11,2020-03-15,13.909444,-60.97889300000001,32.6,2020-03-20,Full,LCA,9,18.0,0.0,0.0,5 days 00:00:00.000000000,-74014 days +00:00:00.000000000,0.08241640054132297,0.8241640054132298,104.0,6.97,6.835
23822,Saint Vincent and the Grenadines,2020-05-10,110210,14000,2222-11-11,2020-03-15,12.984305,-61.287228000000006,29.8,,,VCT,9,17.0,0.0,0.0,,,0.0861462754558793,0.8614627545587931,104.0,6.97,6.835
23936,San Marino,2020-05-10,33785,84000,2020-03-04,2020-02-28,43.94236,12.457777,37.0,2020-03-09,Full,SMR,42,628.0,41.0,6.528662420382165,10 days 00:00:00.000000000,5 days 00:00:00.000000000,0.09611277049361333,0.9611277049361334,104.0,6.97,6.835
24050,Sao Tome and Principe,2020-05-10,211028,33400,2222-11-11,2020-04-07,0.1864,6.6131,18.1,,,STP,43,208.0,5.0,2.4038461538461537,,,0.08236709071157608,0.8236709071157609,104.0,6.97,6.835
24164,Saudi Arabia,2020-05-10,33699947,15334000,2020-03-25,2020-03-03,23.885942,45.079162,29.8,2020-03-15,Full,SAU,17,39048.0,246.0,0.6299938537185003,12 days 00:00:00.000000000,-10 days +00:00:00.000000000,0.05784033618433435,0.5784033618433434,13037.0,4.32,5.42
24278,Senegal,2020-05-10,15854360,14000,2020-04-02,2020-03-03,14.497401000000002,-14.452361999999999,18.3,2020-03-24,Partial,SEN,33,1709.0,19.0,1.1117612638970158,21 days 00:00:00.000000000,-9 days +00:00:00.000000000,0.06056888130045645,0.6056888130045646,104.0,6.97,6.57
24392,Serbia,2020-05-10,6982604,1711000,2020-03-21,2020-03-07,44.016521000000004,21.005859,40.0,2020-03-15,Full,SRB,11,10032.0,215.0,2.143141945773525,8 days 00:00:00.000000000,-6 days +00:00:00.000000000,0.06340240626501853,0.6340240626501853,72734.0,7.71,7.3
24506,Seychelles,2020-05-10,96762,362000,2222-11-11,2020-03-15,-4.679574,55.491977,34.6,2020-04-09,Full,SYC,34,11.0,0.0,0.0,25 days 00:00:00.000000000,-73994 days +00:00:00.000000000,0.08754258740264598,0.8754258740264597,104.0,7.16,7.16
24620,Sierra Leone,2020-05-10,7650154,57000,2020-04-24,2020-04-01,8.460555000000001,-11.779889,18.3,2020-05-05,Full,SLE,44,307.0,18.0,5.863192182410423,34 days 00:00:00.000000000,11 days 00:00:00.000000000,0.06340282154731616,0.6340282154731616,104.0,6.27,5.99
24734,Singapore,2020-05-10,5638676,14673000,2020-03-22,2020-01-24,1.352083,103.819836,40.0,2020-03-26,Partial,SGP,37,23336.0,20.0,0.08570449091532396,62 days 00:00:00.000000000,4 days 00:00:00.000000000,0.0644055911505689,0.644055911505689,4526.0,7.5,8.11
24848,Slovakia,2020-05-10,5450000,14000,2020-03-19,2020-03-07,48.669026,19.699023999999998,39.2,2020-03-09,Full,SVK,11,1457.0,26.0,1.7844886753603295,2 days 00:00:00.000000000,-10 days +00:00:00.000000000,0.06448800644311713,0.6448800644311713,5472.0,8.54,8.02
24962,Slovenia,2020-05-10,2073894,4425000,2020-03-15,2020-03-06,46.151241,14.995463,43.0,2020-03-11,Full,SVN,0,1457.0,102.0,7.0006863417982155,5 days 00:00:00.000000000,-4 days +00:00:00.000000000,0.06877461801088565,0.6877461801088565,1216.0,8.78,7.97
25076,Somalia,2020-05-10,15008154,14000,2020-04-09,2020-03-17,5.152149,46.199616,16.5,2020-03-19,Full,SOM,23,1054.0,51.0,4.838709677419355,2 days 00:00:00.000000000,-21 days +00:00:00.000000000,0.06165014476774047,0.6165014476774047,104.0,6.97,6.835
25190,South Africa,2020-05-10,57779622,10472000,2020-03-28,2020-03-06,-30.559482,22.937506,26.1,2020-03-26,Full,ZAF,4,10015.0,194.0,1.9370943584623066,20 days 00:00:00.000000000,-2 days +00:00:00.000000000,0.05607060042939598,0.5607060042939598,16327.0,7.55,7.08
25304,South Sudan,2020-05-10,10975920,14000,2222-11-11,2020-04-06,6.877000000000002,31.307,18.6,2020-03-24,Partial,SSD,43,120.0,0.0,0.0,-13 days +00:00:00.000000000,-74010 days +00:00:00.000000000,0.06130728666214162,0.6130728666214162,104.0,6.97,6.835
25418,Spain,2020-05-10,46796540,82773000,2020-03-04,2020-02-02,40.463667,-3.7492199999999998,43.2,2020-03-14,Full,ESP,5,224350.0,26621.0,11.865834633385335,41 days 00:00:00.000000000,10 days 00:00:00.000000000,0.05664554885500586,0.5664554885500586,195631.0,8.69,8.12
25532,Sri Lanka,2020-05-10,21670000,2334000,2020-03-29,2020-01-28,7.873054,80.77179699999998,32.3,2020-03-21,Full,LKA,20,863.0,9.0,1.0428736964078795,53 days 00:00:00.000000000,-8 days +00:00:00.000000000,0.05931756558358633,0.5931756558358633,104.0,6.25,6.41
25646,Sudan,2020-05-10,41801533,836000,2020-03-14,2020-03-14,12.862807,30.217636,18.9,2020-03-24,Partial,SDN,33,1365.0,70.0,5.128205128205129,10 days 00:00:00.000000000,10 days 00:00:00.000000000,0.05716145299606019,0.5716145299606019,104.0,3.97,4.32
25760,Suriname,2020-05-10,575991,14000,2020-04-04,2020-03-15,3.9193050000000014,-56.02778299999999,28.4,,,SUR,19,10.0,1.0,10.0,,,0.07574406228897261,0.7574406228897261,104.0,8.3,7.48
25874,Sweden,2020-05-10,10175214,7440000,2020-03-12,2020-02-01,60.128161,18.643501,40.9,,,SWE,8,26322.0,3225.0,12.252108502393435,,,0.062082769183169226,0.6208276918316923,3469.0,9.45,8.5
25988,Switzerland,2020-05-10,8513227,10362000,2020-03-06,2020-02-26,46.818188,8.227511999999999,42.2,2020-03-18,Full,CHE,36,30305.0,1833.0,6.0485068470549415,21 days 00:00:00.000000000,12 days 00:00:00.000000000,0.06274798898488533,0.6274798898488533,8630.0,9.24,8.82
26102,Syria,2020-05-10,16906283,14000,2020-03-30,2020-03-23,34.802075,38.99681500000001,37.0,,,SYR,40,47.0,3.0,6.382978723404255,,,0.05974881062318607,0.5974881062318608,104.0,2.53,3.79
26216,Taiwan*,2020-05-10,23780000,14000,2020-02-17,2020-01-23,23.6978,120.9605,37.0,,,TWN,21,440.0,6.0,1.3636363636363635,,,0.058918306362360326,0.5891830636236033,1792.0,8.94,8.4
26330,Tanzania,2020-05-10,56318348,1378000,2020-04-01,2020-03-17,-6.369028,34.888822,37.0,,,TZA,22,509.0,21.0,4.12573673870334,,,0.0560989109714273,0.560989109714273,0.0,5.75,6.26
26444,Thailand,2020-05-10,69428524,38178000,2020-03-02,2020-01-23,15.870032,100.992541,37.8,2020-03-22,Partial,THA,12,3009.0,56.0,1.8610834164174144,59 days 00:00:00.000000000,20 days 00:00:00.000000000,0.05557122052422537,0.5557122052422537,3409.0,6.25,6.55
26558,Timor-Leste,2020-05-10,1267972,75000,2222-11-11,2020-03-23,-8.874217,125.727539,17.4,2020-03-28,Full,TLS,53,24.0,0.0,0.0,5 days 00:00:00.000000000,-74006 days +00:00:00.000000000,0.07158116654467471,0.7158116654467471,104.0,7.52,6.76
26672,Togo,2020-05-10,7889094,573000,2020-03-28,2020-03-07,8.619543,0.824782,18.9,2020-03-20,Partial,TGO,33,174.0,11.0,6.32183908045977,13 days 00:00:00.000000000,-8 days +00:00:00.000000000,0.06336475643806003,0.6336475643806003,104.0,6.41,6.31
26786,Trinidad and Tobago,2020-05-10,1389858,375000,2020-03-26,2020-03-15,10.691803,-61.222503,33.9,2020-03-13,Full,TTO,27,116.0,8.0,6.896551724137931,-2 days +00:00:00.000000000,-13 days +00:00:00.000000000,0.07084476404682254,0.7084476404682254,66.0,6.54,6.62
26900,Tunisia,2020-05-10,11565204,8299000,2020-03-20,2020-03-05,33.886917,9.537499,31.1,2020-03-20,Full,TUN,45,1032.0,45.0,4.3604651162790695,15 days 00:00:00.000000000,0 days 00:00:00.000000000,0.06162437658892444,0.6162437658892443,2066.0,5.97,6.08
27014,Turkey,2020-05-10,82319724,45768000,2020-03-18,2020-03-12,38.963745,35.243322,29.9,2020-03-23,Full,TUR,24,138657.0,3786.0,2.7304788074168633,11 days 00:00:00.000000000,5 days 00:00:00.000000000,0.0550004324350184,0.550004324350184,43498.0,5.74,6.21
27128,US,2020-05-10,326687501,79745920,2020-03-10,2020-03-10,37.09024,-95.712891,37.6,2020-03-23,Partial,USA,18,1329092.0,79521.0,5.983107264207444,13 days 00:00:00.000000000,13 days 00:00:00.000000000,0.09148475588739903,0.9148475588739902,318720.0,8.72,8.46
33284,Uganda,2020-05-10,42723139,14000,2222-11-11,2020-03-22,1.373333,32.290275,15.8,2020-03-18,Full,UGA,25,121.0,0.0,0.0,-4 days +00:00:00.000000000,-74016 days +00:00:00.000000000,0.057677558972523385,0.5767755897252339,3822.0,5.82,6.61
33398,Ukraine,2020-05-10,44622516,14104000,2020-03-14,2020-03-04,48.379433,31.16558,40.3,2020-03-17,Full,UKR,36,15232.0,391.0,2.5669642857142856,13 days 00:00:00.000000000,3 days 00:00:00.000000000,0.05691671456019255,0.5691671456019255,9296.0,6.56,6.26
33512,United Arab Emirates,2020-05-10,9630959,21286000,2020-03-21,2020-01-30,23.424076,53.847818000000004,33.4,2020-03-24,Full,ARE,20,18198.0,198.0,1.0880316518298714,54 days 00:00:00.000000000,3 days 00:00:00.000000000,0.06209795044397817,0.6209795044397818,74619.0,5.09,6.13
33626,United Kingdom,2020-05-10,66460344,36316000,2020-03-06,2020-02-01,55.378051,-3.435973,40.2,2020-03-23,Full,GBR,26,220449.0,31930.0,14.48407568190375,51 days 00:00:00.000000000,17 days 00:00:00.000000000,0.10518612391251893,1.0518612391251891,74910.0,8.85,8.47
34880,Uruguay,2020-05-10,3449299,3469000,2020-03-30,2020-03-15,-32.522779,-55.765834999999996,34.9,2020-03-16,Full,URY,7,707.0,19.0,2.6874115983026874,1 days 00:00:00.000000000,-14 days +00:00:00.000000000,0.0663895701877386,0.663895701877386,872.0,8.42,7.74
34994,Uzbekistan,2020-05-10,32955400,5346000,2020-03-28,2020-03-16,41.377491,64.585262,26.3,2020-03-20,Partial,UZB,50,2418.0,10.0,0.41356492969396197,4 days 00:00:00.000000000,-8 days +00:00:00.000000000,0.05791085234926201,0.57910852349262,104.0,6.97,6.835
35108,Venezuela,2020-05-10,28870000,14000,2020-03-28,2020-03-15,6.42375,-66.58973,37.0,2020-03-16,Full,VEN,51,414.0,10.0,2.4154589371980677,1 days 00:00:00.000000000,-12 days +00:00:00.000000000,0.05796959239671036,0.5796959239671036,16347.0,5.03,3.8
35222,Vietnam,2020-05-10,95540395,15498000,2222-11-11,2020-01-24,14.058323999999999,108.277199,37.0,2020-03-19,Full,VNM,39,288.0,0.0,0.0,55 days 00:00:00.000000000,-74015 days +00:00:00.000000000,0.054511125298095764,0.5451112529809576,70315.0,6.31,6.29
35336,West Bank and Gaza,2020-05-10,4569087,606000,2020-03-27,2020-03-06,31.9466,35.3027,37.0,2020-04-09,Full,PSE,11,375.0,2.0,0.5333333333333333,34 days 00:00:00.000000000,13 days 00:00:00.000000000,0.0652111318604187,0.652111318604187,831.0,6.97,6.835
35450,Western Sahara,2020-05-10,500000,14000,2222-11-11,2020-04-06,24.215526999999998,-12.885834,26.8,2020-03-20,Full,ESH,52,6.0,0.0,0.0,-17 days +00:00:00.000000000,-74014 days +00:00:00.000000000,0.07608285864993229,0.7608285864993228,104.0,6.97,6.835
35564,Zambia,2020-05-10,17351822,1072000,2020-04-03,2020-03-19,-13.133897,27.849332,17.1,,,ZMB,23,267.0,7.0,2.6217228464419478,,,0.0602992344606607,0.602992344606607,104.0,6.13,6.49
35678,Zimbabwe,2020-05-10,14439018,2580000,2020-03-24,2020-03-21,-19.015438,29.154857,19.0,2020-03-30,Full,ZWE,23,36.0,4.0,11.11111111111111,9 days 00:00:00.000000000,6 days 00:00:00.000000000,0.06071063990125888,0.6071063990125888,104.0,5.61,5.65
